<Schema name="SismosSchema">
  <Cube name="Sismos">
    <Table name="sismos"/>
    <Dimension name="Fecha">
      <Hierarchy hasAll="true">
        <Level name="Fecha" column="fecha" type="Time" uniqueMembers="true"/>
      </Hierarchy>
    </Dimension>
    <Dimension name="Ubicacion" foreignKey="ubicacion">
      <Hierarchy hasAll="true">
        <Level name="Ubicacion" column="ubicacion" uniqueMembers="true"/>
      </Hierarchy>
    </Dimension>
    <Measure name="Magnitud" column="magnitud" aggregator="avg" formatString="Standard"/>
  </Cube>
</Schema>
